Workbook
Name dd: '[1]CLASS 2'!$A$9:$AE$38
Name pps: '[1]CLASS 1'!$A$9:$AF$34
Name TT: '[1]CLASS 3'!$A$9:$AE$60

Sheet Database
A1: Roll No. | B1: Student Name | C1: Date of Birth | D1: School Working Days | E1: Attendance | F1: Attendance % | G1: Nepali | H1: English | I1: Maths | J1: Hamro Serofero | K1: Translation | L1: General Knowledge | M1: Science | N1: Total | O1: Result | P1: Rank
G2: 100 | H2: 100 | I2: 100 | J2: 100 | K2: 100 | L2: 100 | M2: 100
A3: 1 | B3: Ram lala | C3: 22/02/2012 | D3: 120 | E3: 115 | F3: =E3/D3 -> 0.95833333 | G3: 98 | H3: 88 | I3: 76 | J3: 98 | K3: 89 | L3: 67 | M3: 45 | N3: =SUM(G3:M3) -> 561 | O3: =IF(COUNTA(G3:M3)=0,"",IF(MIN(G3:M3)<35,"Fail","Pass")) -> Pass | P3: =IF(O3<>"Pass","",COUNTIFS($O$3:$O$102,"Pass",$N$3:$N$102,">"&N3)+1) -> 2
A4: 2 | B4: Shyamlala | C4: 22/02/2013 | D4: 120 | E4: 111 | F4: =E4/D4 -> 0.925 | G4: 36 | H4: 45 | I4: 66 | J4: 77 | K4: 56 | L4: 57 | M4: 57 | N4: =SUM(G4:M4) -> 394 | O4: =IF(COUNTA(G4:M4)=0,"",IF(MIN(G4:M4)<35,"Fail","Pass")) -> Pass | P4: =IF(O4<>"Pass","",COUNTIFS($O$3:$O$102,"Pass",$N$3:$N$102,">"&N4)+1) -> 6
A5: 3 | B5: Manjesh Ram | C5: 32/02/2014 | D5: 120 | E5: 115 | F5: =E5/D5 -> 0.95833333 | G5: 56 | H5: 75 | I5: 77 | J5: 88 | K5: 98 | L5: 36 | M5: 45 | N5: =SUM(G5:M5) -> 475 | O5: =IF(COUNTA(G5:M5)=0,"",IF(MIN(G5:M5)<35,"Fail","Pass")) -> Pass | P5: =IF(O5<>"Pass","",COUNTIFS($O$3:$O$102,"Pass",$N$3:$N$102,">"&N5)+1) -> 4
A6: 4 | B6: Anjali Kumari | C6: 22/02/2015 | D6: 120 | E6: 97 | F6: =E6/D6 -> 0.80833333 | G6: 45 | H6: 46 | I6: 45 | J6: 44 | K6: 45 | L6: 35 | M6: 58 | N6: =SUM(G6:M6) -> 318 | O6: =IF(COUNTA(G6:M6)=0,"",IF(MIN(G6:M6)<35,"Fail","Pass")) -> Pass | P6: =IF(O6<>"Pass","",COUNTIFS($O$3:$O$102,"Pass",$N$3:$N$102,">"&N6)+1) -> 7
A7: 5 | B7: Atim Ansari` | C7: 42706 | D7: 120 | E7: 105 | F7: =E7/D7 -> 0.875 | G7: 99 | H7: 99 | I7: 99 | J7: 99 | K7: 99 | L7: 99 | M7: 98 | N7: =SUM(G7:M7) -> 692 | O7: =IF(COUNTA(G7:M7)=0,"",IF(MIN(G7:M7)<35,"Fail","Pass")) -> Pass | P7: =IF(O7<>"Pass","",COUNTIFS($O$3:$O$102,"Pass",$N$3:$N$102,">"&N7)+1) -> 1
A8: 6 | B8: Anita | C8: 41245 | D8: 120 | E8: 115 | F8: =E8/D8 -> 0.95833333 | G8: 98 | H8: 88 | I8: 77 | J8: 66 | K8: 55 | L8: 44 | M8: 97 | N8: =SUM(G8:M8) -> 525 | O8: =IF(COUNTA(G8:M8)=0,"",IF(MIN(G8:M8)<35,"Fail","Pass")) -> Pass | P8: =IF(O8<>"Pass","",COUNTIFS($O$3:$O$102,"Pass",$N$3:$N$102,">"&N8)+1) -> 3
A9: 7 | B9: Ramu Shyamu | C9: 41245 | D9: 120 | E9: 118 | F9: =E9/D9 -> 0.98333333 | G9: 34 | H9: 45 | I9: 56 | J9: 56 | K9: 77 | L9: 55 | M9: 56 | N9: =SUM(G9:M9) -> 379 | O9: =IF(COUNTA(G9:M9)=0,"",IF(MIN(G9:M9)<35,"Fail","Pass")) -> Fail | P9: =IF(O9<>"Pass","",COUNTIFS($O$3:$O$102,"Pass",$N$3:$N$102,">"&N9)+1)
A10: 8 | D10: 120 | F10: =E10/D10 -> 0 | N10: =SUM(G10:M10) -> 0 | O10: =IF(COUNTA(G10:M10)=0,"",IF(MIN(G10:M10)<35,"Fail","Pass")) | P10: =IF(O10<>"Pass","",COUNTIFS($O$3:$O$102,"Pass",$N$3:$N$102,">"&N10)+1)
A11: 9 | D11: 120 | F11: =E11/D11 -> 0 | N11: =SUM(G11:M11) -> 0 | O11: =IF(COUNTA(G11:M11)=0,"",IF(MIN(G11:M11)<35,"Fail","Pass")) | P11: =IF(O11<>"Pass","",COUNTIFS($O$3:$O$102,"Pass",$N$3:$N$102,">"&N11)+1)
A12: 10 | D12: 120 | F12: =E12/D12 -> 0 | N12: =SUM(G12:M12) -> 0 | O12: =IF(COUNTA(G12:M12)=0,"",IF(MIN(G12:M12)<35,"Fail","Pass")) | P12: =IF(O12<>"Pass","",COUNTIFS($O$3:$O$102,"Pass",$N$3:$N$102,">"&N12)+1)
A13: 11 | D13: 120 | F13: =E13/D13 -> 0 | N13: =SUM(G13:M13) -> 0 | O13: =IF(COUNTA(G13:M13)=0,"",IF(MIN(G13:M13)<35,"Fail","Pass")) | P13: =IF(O13<>"Pass","",COUNTIFS($O$3:$O$102,"Pass",$N$3:$N$102,">"&N13)+1)
A14: 12 | D14: 120 | F14: =E14/D14 -> 0 | N14: =SUM(G14:M14) -> 0 | O14: =IF(COUNTA(G14:M14)=0,"",IF(MIN(G14:M14)<35,"Fail","Pass")) | P14: =IF(O14<>"Pass","",COUNTIFS($O$3:$O$102,"Pass",$N$3:$N$102,">"&N14)+1)
A15: 13 | D15: 120 | F15: =E15/D15 -> 0 | N15: =SUM(G15:M15) -> 0 | O15: =IF(COUNTA(G15:M15)=0,"",IF(MIN(G15:M15)<35,"Fail","Pass")) | P15: =IF(O15<>"Pass","",COUNTIFS($O$3:$O$102,"Pass",$N$3:$N$102,">"&N15)+1)
A16: 14 | D16: 120 | F16: =E16/D16 -> 0 | N16: =SUM(G16:M16) -> 0 | O16: =IF(COUNTA(G16:M16)=0,"",IF(MIN(G16:M16)<35,"Fail","Pass")) | P16: =IF(O16<>"Pass","",COUNTIFS($O$3:$O$102,"Pass",$N$3:$N$102,">"&N16)+1)
A17: 15 | D17: 120 | F17: =E17/D17 -> 0 | N17: =SUM(G17:M17) -> 0 | O17: =IF(COUNTA(G17:M17)=0,"",IF(MIN(G17:M17)<35,"Fail","Pass")) | P17: =IF(O17<>"Pass","",COUNTIFS($O$3:$O$102,"Pass",$N$3:$N$102,">"&N17)+1)
A18: 16 | D18: 120 | F18: =E18/D18 -> 0 | N18: =SUM(G18:M18) -> 0 | O18: =IF(COUNTA(G18:M18)=0,"",IF(MIN(G18:M18)<35,"Fail","Pass")) | P18: =IF(O18<>"Pass","",COUNTIFS($O$3:$O$102,"Pass",$N$3:$N$102,">"&N18)+1)
A19: 17 | D19: 120 | F19: =E19/D19 -> 0 | N19: =SUM(G19:M19) -> 0 | O19: =IF(COUNTA(G19:M19)=0,"",IF(MIN(G19:M19)<35,"Fail","Pass")) | P19: =IF(O19<>"Pass","",COUNTIFS($O$3:$O$102,"Pass",$N$3:$N$102,">"&N19)+1)
A20: 18 | D20: 120 | F20: =E20/D20 -> 0 | N20: =SUM(G20:M20) -> 0 | O20: =IF(COUNTA(G20:M20)=0,"",IF(MIN(G20:M20)<35,"Fail","Pass")) | P20: =IF(O20<>"Pass","",COUNTIFS($O$3:$O$102,"Pass",$N$3:$N$102,">"&N20)+1)
A21: 19 | D21: 120 | F21: =E21/D21 -> 0 | N21: =SUM(G21:M21) -> 0 | O21: =IF(COUNTA(G21:M21)=0,"",IF(MIN(G21:M21)<35,"Fail","Pass")) | P21: =IF(O21<>"Pass","",COUNTIFS($O$3:$O$102,"Pass",$N$3:$N$102,">"&N21)+1)
... A101: 99 | D101: 120 | F101: =E101/D101 -> 0 | N101: =SUM(G101:M101) -> 0 | O101: =IF(COUNTA(G101:M101)=0,"",IF(MIN(G101:M101)<35,"Fail","Pass")) | P101: =IF(O101<>"Pass","",COUNTIFS($O$3:$O$102,"Pass",$N$3:$N$102,">"&N101)+1)
A102: 100 | B102: Nami Baniya | C102: 21/02/2078 | D102: 120 | E102: 111 | F102: =E102/D102 -> 0.925 | G102: 60 | H102: 45 | I102: 55 | J102: 66 | K102: 66 | L102: 66 | M102: 45 | N102: =SUM(G102:M102) -> 403 | O102: =IF(COUNTA(G102:M102)=0,"",IF(MIN(G102:M102)<35,"Fail","Pass")) -> Pass | P102: =IF(O102<>"Pass","",COUNTIFS($O$3:$O$102,"Pass",$N$3:$N$102,">"&N102)+1) -> 5
N103: =SUM(G103:M103) -> 0

Sheet Gradesheet
K1: ss | L1: s
B8: Name : | D8: =IFERROR(_xlfn.XLOOKUP($H$9,Database!$A$2:$A$102,Database!$B$2:$B$102),"") -> Ram lala | G8: Class : | H8: 1
B9: Date of Birth : | D9: =IFERROR(_xlfn.XLOOKUP($H$9,Database!$A$2:$A$102,Database!$C$2:$C$102),"") -> 22/02/2012 | G9: Roll No. : | H9: 1
B10: School's Code : | D10: 180400010 | G10: Year : | H10: 2083
B11: School Working Days : | D11: =IFERROR(_xlfn.XLOOKUP($H$9,Database!$A$3:$A$103,Database!$D$3:$D$103),"") -> 120 | E11: Attendance : | F11: =IFERROR(_xlfn.XLOOKUP($H$9,Database!$A$3:$A$103,Database!$E$3:$E$103),"") -> 115 | G11: Attendance% | H11: =F11/D11*100 -> 95.833333
B12: S. N. | C12: Subject Area | D12: Credit Hour | E12: Obtained Grade Point(GP) | G12: Grade | H12: Remarks
B13: 1 | C13: Nepali Language | D13: 5 | E13: =IFERROR(IF(_xlfn.XLOOKUP($H$9, Database!$A$3:$A$103, Database!$G$3:$G$103)="","", VLOOKUP(_xlfn.XLOOKUP($H$9, Database!$A$3:$A$103, Database!$G$3:$G$103), {0,0;35,1.6;40,2;50,2.4;60,2.8;70,3.2;80,3.6;90,4}, 2, TRUE)), "") -> 4 | G13: =IF(E13="","",IF(E13>=4,"A+",IF(E13>=3.6,"A",IF(E13>=3.2,"B+",IF(E13>=2.8,"B",IF(E13>=2.4,"C+",IF(E13>=2,"C",IF(E13>=1.6,"D","NG")))))))) -> A+ | H13: =IF(E13="","",IF(E13>=4,"Outstanding",IF(E13>=3.6,"Excellent",IF(E13>=3.2,"Very Good",IF(E13>=2.8,"Good",IF(E13>=2.4,"Satisfactory",IF(E13>=2,"Acceptable",IF(E13>=1.6,"Basic","Not Graded")))))))) -> Outstanding
B14: 2 | C14: English Language | D14: 4 | E14: =IFERROR(IF(_xlfn.XLOOKUP($H$9,Database!$A$3:$A$102,Database!$H$3:$H$102)="","",LOOKUP(_xlfn.XLOOKUP($H$9,Database!$A$3:$A$102,Database!$H$3:$H$102),{0,35,40,50,60,70,80,90},{0,1.6,2,2.4,2.8,3.2,3.6,4})),"") -> 3.6 | G14: =IF(E14="","",IF(E14>=4,"A+",IF(E14>=3.6,"A",IF(E14>=3.2,"B+",IF(E14>=2.8,"B",IF(E14>=2.4,"C+",IF(E14>=2,"C",IF(E14>=1.6,"D","NG")))))))) -> A | H14: =IF(E14="","",IF(E14>=4,"Outstanding",IF(E14>=3.6,"Excellent",IF(E14>=3.2,"Very Good",IF(E14>=2.8,"Good",IF(E14>=2.4,"Satisfactory",IF(E14>=2,"Acceptable",IF(E14>=1.6,"Basic","Not Graded")))))))) -> Excellent
B15: 3 | C15: Maths | D15: 4 | E15: =IFERROR(IF(_xlfn.XLOOKUP($H$9,Database!$A$3:$A$102,Database!$I$3:$I$102)="","",LOOKUP(_xlfn.XLOOKUP($H$9,Database!$A$3:$A$102,Database!$I$3:$I$102),{0,35,40,50,60,70,80,90},{0,1.6,2,2.4,2.8,3.2,3.6,4})),"") -> 3.2 | G15: =IF(E15="","",IF(E15>=4,"A+",IF(E15>=3.6,"A",IF(E15>=3.2,"B+",IF(E15>=2.8,"B",IF(E15>=2.4,"C+",IF(E15>=2,"C",IF(E15>=1.6,"D","NG")))))))) -> B+ | H15: =IF(E15="","",IF(E15>=4,"Outstanding",IF(E15>=3.6,"Excellent",IF(E15>=3.2,"Very Good",IF(E15>=2.8,"Good",IF(E15>=2.4,"Satisfactory",IF(E15>=2,"Acceptable",IF(E15>=1.6,"Basic","Not Graded")))))))) -> Very Good
B16: 4 | C16: Hamro Serofero | D16: 8 | E16: =IFERROR(IF(_xlfn.XLOOKUP($H$9,Database!$A$3:$A$102,Database!$J$3:$J$102)="","",LOOKUP(_xlfn.XLOOKUP($H$9,Database!$A$3:$A$102,Database!$J$3:$J$102),{0,35,40,50,60,70,80,90},{0,1.6,2,2.4,2.8,3.2,3.6,4})),"") -> 4 | G16: =IF(E16="","",IF(E16>=4,"A+",IF(E16>=3.6,"A",IF(E16>=3.2,"B+",IF(E16>=2.8,"B",IF(E16>=2.4,"C+",IF(E16>=2,"C",IF(E16>=1.6,"D","NG")))))))) -> A+ | H16: =IF(E16="","",IF(E16>=4,"Outstanding",IF(E16>=3.6,"Excellent",IF(E16>=3.2,"Very Good",IF(E16>=2.8,"Good",IF(E16>=2.4,"Satisfactory",IF(E16>=2,"Acceptable",IF(E16>=1.6,"Basic","Not Graded")))))))) -> Outstanding
B17: 5 | C17: Translation | D17: 2.5 | E17: =IFERROR(IF(_xlfn.XLOOKUP($H$9,Database!$A$3:$A$102,Database!$K$3:$K$102)="","",LOOKUP(_xlfn.XLOOKUP($H$9,Database!$A$3:$A$102,Database!$K$3:$K$102),{0,35,40,50,60,70,80,90},{0,1.6,2,2.4,2.8,3.2,3.6,4})),"") -> 3.6 | G17: =IF(E17="","",IF(E17>=4,"A+",IF(E17>=3.6,"A",IF(E17>=3.2,"B+",IF(E17>=2.8,"B",IF(E17>=2.4,"C+",IF(E17>=2,"C",IF(E17>=1.6,"D","NG")))))))) -> A | H17: =IF(E17="","",IF(E17>=4,"Outstanding",IF(E17>=3.6,"Excellent",IF(E17>=3.2,"Very Good",IF(E17>=2.8,"Good",IF(E17>=2.4,"Satisfactory",IF(E17>=2,"Acceptable",IF(E17>=1.6,"Basic","Not Graded")))))))) -> Excellent
B18: 6 | C18: General Knowledge | D18: 2.5 | E18: =IFERROR(IF(_xlfn.XLOOKUP($H$9,Database!$A$3:$A$102,Database!$L$3:$L$102)="","",LOOKUP(_xlfn.XLOOKUP($H$9,Database!$A$3:$A$102,Database!$L$3:$L$102),{0,35,40,50,60,70,80,90},{0,1.6,2,2.4,2.8,3.2,3.6,4})),"") -> 2.8 | G18: =IF(E18="","",IF(E18>=4,"A+",IF(E18>=3.6,"A",IF(E18>=3.2,"B+",IF(E18>=2.8,"B",IF(E18>=2.4,"C+",IF(E18>=2,"C",IF(E18>=1.6,"D","NG")))))))) -> B | H18: =IF(E18="","",IF(E18>=4,"Outstanding",IF(E18>=3.6,"Excellent",IF(E18>=3.2,"Very Good",IF(E18>=2.8,"Good",IF(E18>=2.4,"Satisfactory",IF(E18>=2,"Acceptable",IF(E18>=1.6,"Basic","Not Graded")))))))) -> Good
B19: Grade Point Avrage: | G19: =IF(COUNTIF(G13:G18,"NG")>0,0,IFERROR(SUMPRODUCT(D13:D18,E13:E18)/SUM(D13:D18),0)) -> 3.6615385
C20: Extra Credit Subject
B21: 7 | C21: Science | D21: 4 | E21: =IFERROR(IF(_xlfn.XLOOKUP($H$9,Database!$A$3:$A$102,Database!$M$3:$M$102)="","",LOOKUP(_xlfn.XLOOKUP($H$9,Database!$A$3:$A$102,Database!$M$3:$M$102),{0,35,40,50,60,70,80,90},{0,1.6,2,2.4,2.8,3.2,3.6,4})),"") -> 2 | G21: =IF(E21="","",IF(E21>=4,"A+",IF(E21>=3.6,"A",IF(E21>=3.2,"B+",IF(E21>=2.8,"B",IF(E21>=2.4,"C+",IF(E21>=2,"C",IF(E21>=1.6,"D","NG")))))))) -> C | H21: =IF(E21="","",IF(E21>=4,"Outstanding",IF(E21>=3.6,"Excellent",IF(E21>=3.2,"Very Good",IF(E21>=2.8,"Good",IF(E21>=2.4,"Satisfactory",IF(E21>=2,"Acceptable",IF(E21>=1.6,"Basic","Not Graded")))))))) -> Acceptable
B22: Grade Point Avrage: | G22: =IF(OR(COUNTIF(G13:G18,"NG")>0,G21="NG"),0,IFERROR((SUMPRODUCT(D13:D18,E13:E18)+(D21*E21))/(SUM(D13:D18)+D21),0)) -> 3.44
B23: Basic of Evaluation
B24: Individual Subject Grading | F24: Thematic Learning Achievement
B25: A+ | C25: Outstanding | D25: 90- 100% | F25: Advance | H25: 4
B26: A | C26: Excellent | D26: 80 - 90%
B27: B+ | C27: Very Good | D27: 70 - 80% | F27: Proficent | H27: 3
B28: B | C28: Good | D28: 60 - 70%
B29: C+ | C29: Satisfactory | D29: 50 - 60% | F29: Basic | H29: 2
B30: C | C30: Acceptable | D30: 40 -50%
B31: D+ | C31: Basic | D31: 35 - 40% | F31: Below Basic | H31: 1
B32: NG | C32: Non Graded | D32: >35%
B34: Class Teacher | E34: Issue Date : | F34: 2083. 07.10 | G34: Principal
B35: msbschool@gmail.com Ph no 9821290194
